employment_type,loan_amount
Bussiness,532216.0304383116
Freelancer,521112.26618415763
Salaried,531336.6950646299
Self-Employed,534328.3699919871
