income_segment,loan_amount
High income,530262.9079996417
Low income,544903.9135209335
Middle income,521352.4484214081
